"Status","Start Time","Stop Time","Duration in ms","Parent Suite","Suite","Sub Suite","Test Class","Test Method","Name","Description"
"passed","Sat Jun 24 01:24:06 GMT 2023","Sat Jun 24 01:24:09 GMT 2023","2717","tests","test_partners_page_ow6","TestPartnersPage","","","test_TC_011_20_04_Verify_that_the_Github_link_in_the_info_board_message_leads_to_correct_page",""
"passed","Sat Jun 24 01:10:39 GMT 2023","Sat Jun 24 01:10:40 GMT 2023","1313","tests","test_main_page_ow6","TestMainPage","","","test_tc_001_04_04_verify_in_day_list_first_element_month",""
"passed","Sat Jun 24 01:28:50 GMT 2023","Sat Jun 24 01:28:54 GMT 2023","3603","tests","test_suits_of_pages_ow6","","","","test_tc_003_08_05_about_us_link_is_visible_on_each_page_specified_in_data[https://openweathermap.org/]",""
"passed","Sat Jun 24 01:02:30 GMT 2023","Sat Jun 24 01:02:32 GMT 2023","1896","tests","test_about_us_page_ow6","TestAboutUsPage","","","test_tc_001_15_02_verify_image_beside_header_is_displayed",""
"passed","Sat Jun 24 01:30:35 GMT 2023","Sat Jun 24 01:30:37 GMT 2023","2478","tests","test_weather_api_page_ow6","TestWeatherApiPage","","","test_tc_005_06_02_redirect_to_the_how_to_make_an_api_call_section_of_the_page",""
"passed","Sat Jun 24 01:10:02 GMT 2023","Sat Jun 24 01:10:02 GMT 2023","103","tests","test_main_page_ow6","TestMainPage","","","test_TC_001_02_03_verify_temperature_metric_button_displayed_clickable",""
"passed","Sat Jun 24 01:29:34 GMT 2023","Sat Jun 24 01:29:37 GMT 2023","2471","tests","test_suits_of_pages_ow6","","","","test_tc_003_08_05_about_us_link_is_visible_on_each_page_specified_in_data[https://openweathermap.org/stations]",""
"passed","Sat Jun 24 01:24:58 GMT 2023","Sat Jun 24 01:25:02 GMT 2023","4034","tests","test_partners_page_ow6","TestPartnersPage","","","test_TC_011_11_02_verify_redirection_awesome_button_to_the_right_website",""
"passed","Sat Jun 24 01:31:47 GMT 2023","Sat Jun 24 01:31:50 GMT 2023","2613","tests","test_weather_conditions_page_ow6","TestWeatherConditions","","","test_tc_001_12_07_verify_that_codes_and_descriptions_are_visible_for_each_weather_condition_group_part2[6]",""
"passed","Sat Jun 24 01:29:06 GMT 2023","Sat Jun 24 01:29:08 GMT 2023","2348","tests","test_suits_of_pages_ow6","","","","test_tc_003_08_05_about_us_link_is_visible_on_each_page_specified_in_data[https://openweathermap.org/our-initiatives]",""
"passed","Sat Jun 24 01:21:23 GMT 2023","Sat Jun 24 01:21:26 GMT 2023","3086","tests","test_our_initiatives_page_ow6","TestOurInitiativesPage","","","test_010_01_01_01_verify_sections[Weather stations]",""
"passed","Sat Jun 24 01:28:00 GMT 2023","Sat Jun 24 01:28:01 GMT 2023","1544","tests","test_sign_in_page_ow6","TestSignInPage","","","test_tc_014_04_01_verify_authorization_with_valid_data",""
"passed","Sat Jun 24 01:24:33 GMT 2023","Sat Jun 24 01:24:34 GMT 2023","1919","tests","test_partners_page_ow6","TestPartnersPage","","","test_TC_011_19_01_Verify_that_the_anchor_links_are_clickable[anchor_locators8]",""
"passed","Sat Jun 24 01:02:41 GMT 2023","Sat Jun 24 01:02:43 GMT 2023","1996","tests","test_about_us_page_ow6","TestAboutUsPage","","","test_tc_001_15_05_there_are_five_headers_on_the_page_about_us_footer",""
"passed","Sat Jun 24 01:30:20 GMT 2023","Sat Jun 24 01:30:22 GMT 2023","2035","tests","test_suits_of_pages_ow6","","","","test_tc_003_03_01_01_verify_the_product_collections_module_title_is_visible_on_each_page[https://openweathermap.org/accuracy-and-quality]",""
"passed","Sat Jun 24 01:02:08 GMT 2023","Sat Jun 24 01:02:08 GMT 2023","100","api_testing.tests","test_file_handler","TestRequestHandler","","","test_request_response_as_data_source",""
"passed","Sat Jun 24 01:11:09 GMT 2023","Sat Jun 24 01:11:12 GMT 2023","3105","tests","test_main_page_ow6","TestMainPage","","","test_tc_003_09_01_the_module_title_display",""
"passed","Sat Jun 24 01:23:34 GMT 2023","Sat Jun 24 01:23:36 GMT 2023","2252","tests","test_partners_page_ow6","TestPartnersPage","","","test_TC_011_17_01_verify_the_mobile_link_leads_to_correct_page",""
"passed","Sat Jun 24 01:21:12 GMT 2023","Sat Jun 24 01:21:14 GMT 2023","1990","tests","test_our_initiatives_page_ow6","TestOurInitiativesPage","","","test_010_01_01_01_verify_sections[Open Source]",""
"passed","Sat Jun 24 01:20:30 GMT 2023","Sat Jun 24 01:20:33 GMT 2023","2861","tests","test_openagro_page_ow6","TestOpenAgro","","","test_tc_021_01_05_request_data_button_display_check",""
"passed","Sat Jun 24 01:16:45 GMT 2023","Sat Jun 24 01:16:48 GMT 2023","2405","tests","test_main_page_ow6","TestMainPage","","","test_TC_003_01_02_verify_copyright_is_visible_from_all_pages_specified_in_data[our-initiatives]",""
"passed","Sat Jun 24 01:25:40 GMT 2023","Sat Jun 24 01:25:42 GMT 2023","2009","tests","test_road_risk_api_page_ow6","TestRoadRiskApi","","","test_tc_005_08_04_redirection_to_the_how_to_request_road_risk_API_section_of_the_page",""
"passed","Sat Jun 24 01:30:18 GMT 2023","Sat Jun 24 01:30:20 GMT 2023","1870","tests","test_suits_of_pages_ow6","","","","test_tc_003_03_01_01_verify_the_product_collections_module_title_is_visible_on_each_page[https://openweathermap.org/technology]",""
"passed","Sat Jun 24 01:24:12 GMT 2023","Sat Jun 24 01:24:15 GMT 2023","2173","tests","test_partners_page_ow6","TestPartnersPage","","","test_TC_011_19_01_Verify_that_the_anchor_links_are_clickable[anchor_locators1]",""
"passed","Sat Jun 24 01:29:48 GMT 2023","Sat Jun 24 01:29:50 GMT 2023","1907","tests","test_suits_of_pages_ow6","","","","test_tc_003_03_01_01_verify_the_product_collections_module_title_is_visible_on_each_page[https://openweathermap.org/api]",""
"passed","Sat Jun 24 01:01:58 GMT 2023","Sat Jun 24 01:01:59 GMT 2023","446","api_testing.tests","test_Vitaly_S","Tests","","","Get API response for 'SINGLE USER' and check response status","Check correct response status for users from 1 to 12"
"passed","Sat Jun 24 01:22:47 GMT 2023","Sat Jun 24 01:22:49 GMT 2023","2421","tests","test_partners_page_ow6","TestPartnersPage","","","test_tc_011_15_02_verify_visibility_and_clickability_of_the_link_apache_camel",""
"passed","Sat Jun 24 01:08:23 GMT 2023","Sat Jun 24 01:08:24 GMT 2023","1378","tests","test_main_page_ow6","TestMainPage","","","test_tc_003_12_02_verify_weather_data_link_functionality",""
"passed","Sat Jun 24 01:31:13 GMT 2023","Sat Jun 24 01:31:16 GMT 2023","2485","tests","test_weather_conditions_page_ow6","TestWeatherConditions","","","test_tc_001_12_07_verify_that_codes_and_descriptions_are_visible_for_each_weather_condition_group_part1[3]",""
"passed","Sat Jun 24 01:11:49 GMT 2023","Sat Jun 24 01:11:49 GMT 2023","231","tests","test_main_page_ow6","TestMainPage","","","test_TC_001_01_08_dropdown_list_contain_city_temperature",""
"passed","Sat Jun 24 01:28:30 GMT 2023","Sat Jun 24 01:28:33 GMT 2023","2944","tests","test_student_initiative_page_ow6","TestStudentInitiativePage","","","test_tc_010_02_07_verify_correct_redirection_to_popup_window",""
"passed","Sat Jun 24 01:24:47 GMT 2023","Sat Jun 24 01:24:49 GMT 2023","1907","tests","test_partners_page_ow6","TestPartnersPage","","","test_TC_011_19_01_Verify_that_the_anchor_links_are_clickable[anchor_locators13]",""
"passed","Sat Jun 24 01:18:09 GMT 2023","Sat Jun 24 01:18:09 GMT 2023","14","tests","test_main_page_ow6","TestMainPage","","","test_tc_001_08_04_verify_chart_is_present",""
"passed","Sat Jun 24 01:06:17 GMT 2023","Sat Jun 24 01:06:19 GMT 2023","2725","tests","test_guide_page_ow6","TestGuidePage","","","test_TC_004_06_04_verify_redirection_one_call_api_by_call_link",""
"passed","Sat Jun 24 01:26:33 GMT 2023","Sat Jun 24 01:26:34 GMT 2023","1099","tests","test_search_result_page_ow6","","","","test_TC_002_02_06_verify_closing_of_NotFound_notification",""
"passed","Sat Jun 24 01:29:57 GMT 2023","Sat Jun 24 01:29:59 GMT 2023","2349","tests","test_suits_of_pages_ow6","","","","test_tc_003_03_01_01_verify_the_product_collections_module_title_is_visible_on_each_page[https://openweathermap.org/our-initiatives]",""
"passed","Sat Jun 24 01:06:10 GMT 2023","Sat Jun 24 01:06:12 GMT 2023","1907","tests","test_guide_page_ow6","TestGuidePage","","","test_TC_004_06_02_verify_visibility_and_clickability_One_Call_API_by_call_link",""
"passed","Sat Jun 24 01:19:58 GMT 2023","Sat Jun 24 01:20:02 GMT 2023","3750","tests","test_marketplace_page_ow6","TestMarketplacePage","","","test_TC_007_02_12_verify_visibility_clickability_street_view_button",""
"passed","Sat Jun 24 01:17:40 GMT 2023","Sat Jun 24 01:17:42 GMT 2023","2067","tests","test_main_page_ow6","TestMainPage","","","test_TC_003_03_01_Product_Collections_title_is_visible[weather-dashboard]",""
"passed","Sat Jun 24 01:14:39 GMT 2023","Sat Jun 24 01:14:41 GMT 2023","1918","tests","test_main_page_ow6","TestMainPage","","","test_TC_002_01_03_Logo_is_visible[price]",""
"passed","Sat Jun 24 01:22:37 GMT 2023","Sat Jun 24 01:22:42 GMT 2023","4204","tests","test_our_initiatives_page_ow6","TestOurInitiativesPage","","","test_010_02_02_check_title_student_initiatives",""
"skipped","Sat Jun 24 01:09:53 GMT 2023","Sat Jun 24 01:09:53 GMT 2023","0","tests","test_main_page_ow6","TestMainPage","","","test_TC_001_02_01_verify_temperature_switched_on_metric_system",""
"passed","Sat Jun 24 01:18:10 GMT 2023","Sat Jun 24 01:18:12 GMT 2023","2247","tests","test_main_page_ow6","TestMainPage","","","test_tc_001_017_01_visibility_of_nwp_block",""
"passed","Sat Jun 24 01:17:34 GMT 2023","Sat Jun 24 01:17:36 GMT 2023","1894","tests","test_main_page_ow6","TestMainPage","","","test_TC_003_03_01_Product_Collections_title_is_visible[guide]",""
"passed","Sat Jun 24 01:16:37 GMT 2023","Sat Jun 24 01:16:39 GMT 2023","1948","tests","test_main_page_ow6","TestMainPage","","","test_TC_003_01_02_verify_copyright_is_visible_from_all_pages_specified_in_data[api]",""
"passed","Sat Jun 24 01:16:10 GMT 2023","Sat Jun 24 01:16:13 GMT 2023","2537","tests","test_main_page_ow6","TestMainPage","","","test_TC_003_01_01_verify_footer_is_visible_from_all_pages_specified_in_data[price]",""
"passed","Sat Jun 24 01:30:03 GMT 2023","Sat Jun 24 01:30:05 GMT 2023","1955","tests","test_suits_of_pages_ow6","","","","test_tc_003_03_01_01_verify_the_product_collections_module_title_is_visible_on_each_page[https://home.openweathermap.org/users/sign_in]",""
"passed","Sat Jun 24 01:22:15 GMT 2023","Sat Jun 24 01:22:16 GMT 2023","1993","tests","test_our_initiatives_page_ow6","TestOurInitiativesPage","","","test_010_01_01_1_text_on_button_learn_more",""
"passed","Sat Jun 24 01:17:30 GMT 2023","Sat Jun 24 01:17:33 GMT 2023","3309","tests","test_main_page_ow6","TestMainPage","","","test_TC_003_03_01_Product_Collections_title_is_visible[]",""
"passed","Sat Jun 24 01:04:39 GMT 2023","Sat Jun 24 01:04:43 GMT 2023","4857","tests","test_blog_weather_category_page_ow6","TestAboutUsPage","","","test_tc_001_15_07_verify_redirection_to_weather_category_blog_page",""
"passed","Sat Jun 24 01:04:55 GMT 2023","Sat Jun 24 01:04:57 GMT 2023","2245","tests","test_dashboard_page_ow6","TestDashboardPage","","","test_TC_006_04_01_Verify_display_of_Pricing_and_limits_section",""
"passed","Sat Jun 24 01:32:13 GMT 2023","Sat Jun 24 01:32:15 GMT 2023","1972","tests","test_weather_dashboard_ow6","TestWeatherDashboard","","","test_tc_006_02_01_verify_display_of_how_to_start_section",""
"passed","Sat Jun 24 01:20:17 GMT 2023","Sat Jun 24 01:20:20 GMT 2023","2754","tests","test_members_page_ow6","TestMembersPage","","","test_tc_018_01_02_verify_error_messages_for_empty_required_fields",""
"passed","Sat Jun 24 01:25:11 GMT 2023","Sat Jun 24 01:25:18 GMT 2023","6400","tests","test_partners_page_ow6","TestPartnersPage","","","test_TC_011_19_02_verify_17_anchor_links_redirect_to_correct_block_of_the_page",""
"passed","Sat Jun 24 01:25:22 GMT 2023","Sat Jun 24 01:25:25 GMT 2023","2491","tests","test_pricing_page_ow6","TestPricingPage","","","test_tc_008_03_01_visibility_two_buttons_pricing",""
"passed","Sat Jun 24 01:02:05 GMT 2023","Sat Jun 24 01:02:05 GMT 2023","491","api_testing.tests","test_Vitaly_S","Tests","","","Get API response for 'SINGLE USER' and validate JSON using pydentic validator","Validate JSON using pydentic validator for users from 1 to 12"
"passed","Sat Jun 24 01:06:00 GMT 2023","Sat Jun 24 01:06:02 GMT 2023","2184","tests","test_guide_page_ow6","TestGuidePage","","","test_tc_004_08_02_link_to_history_archive_is_clickable",""
"passed","Sat Jun 24 01:23:37 GMT 2023","Sat Jun 24 01:23:39 GMT 2023","1935","tests","test_partners_page_ow6","TestPartnersPage","","","test_TC_011_06_01_verify_the_first_link_in_android_section_is_visible_and_clickable",""
"passed","Sat Jun 24 01:31:55 GMT 2023","Sat Jun 24 01:31:57 GMT 2023","2445","tests","test_weather_conditions_page_ow6","TestWeatherConditions","","","test_tc_001_12_07_verify_that_codes_and_descriptions_are_visible_for_each_weather_condition_group_part2[8]",""
"passed","Sat Jun 24 01:13:43 GMT 2023","Sat Jun 24 01:13:43 GMT 2023","113","tests","test_main_page_ow6","TestMainPage","","","test_tc_002_03_23_faq_link_is_visible_and_clickable",""
"passed","Sat Jun 24 01:02:03 GMT 2023","Sat Jun 24 01:02:03 GMT 2023","101","api_testing.tests","test_Vitaly_S","Tests","","","Get API response for 'SINGLE USER' and validate JSON using pydentic validator","Validate JSON using pydentic validator for users from 1 to 12"
"passed","Sat Jun 24 01:04:52 GMT 2023","Sat Jun 24 01:04:54 GMT 2023","2047","tests","test_dashboard_page_ow6","TestDashboardPage","","","test_TC_006_03_01_verify_display_of_client_logos",""
"passed","Sat Jun 24 01:16:30 GMT 2023","Sat Jun 24 01:16:33 GMT 2023","3109","tests","test_main_page_ow6","TestMainPage","","","test_TC_003_01_02_verify_copyright_is_visible_from_all_pages_specified_in_data[]",""
"passed","Sat Jun 24 01:06:23 GMT 2023","Sat Jun 24 01:06:27 GMT 2023","4055","tests","test_guide_page_ow6","TestGuidePage","","","test_TC_002_01_01_return_from_guide_page_to_main_page_by_clicking_on_logo",""
"passed","Sat Jun 24 01:30:09 GMT 2023","Sat Jun 24 01:30:11 GMT 2023","1986","tests","test_suits_of_pages_ow6","","","","test_tc_003_03_01_01_verify_the_product_collections_module_title_is_visible_on_each_page[https://openweathermap.org/appid]",""
"passed","Sat Jun 24 01:24:10 GMT 2023","Sat Jun 24 01:24:12 GMT 2023","1955","tests","test_partners_page_ow6","TestPartnersPage","","","test_TC_011_19_01_Verify_that_the_anchor_links_are_clickable[anchor_locators0]",""
"passed","Sat Jun 24 01:02:04 GMT 2023","Sat Jun 24 01:02:05 GMT 2023","419","api_testing.tests","test_Vitaly_S","Tests","","","Get API response for 'SINGLE USER' and validate JSON using pydentic validator","Validate JSON using pydentic validator for users from 1 to 12"
"passed","Sat Jun 24 01:31:17 GMT 2023","Sat Jun 24 01:31:19 GMT 2023","2561","tests","test_weather_conditions_page_ow6","TestWeatherConditions","","","test_tc_001_12_07_verify_that_codes_and_descriptions_are_visible_for_each_weather_condition_group_part1[4]",""
"passed","Sat Jun 24 01:30:00 GMT 2023","Sat Jun 24 01:30:02 GMT 2023","1909","tests","test_suits_of_pages_ow6","","","","test_tc_003_03_01_01_verify_the_product_collections_module_title_is_visible_on_each_page[https://openweathermap.org/examples]",""
"passed","Sat Jun 24 01:17:37 GMT 2023","Sat Jun 24 01:17:39 GMT 2023","1913","tests","test_main_page_ow6","TestMainPage","","","test_TC_003_03_01_Product_Collections_title_is_visible[api]",""
"passed","Sat Jun 24 01:19:08 GMT 2023","Sat Jun 24 01:19:11 GMT 2023","2847","tests","test_marketplace_page_ow6","TestMarketplacePage","","","test_RF_TC_007_01_06_Verify_amount_of_order",""
"passed","Sat Jun 24 01:18:29 GMT 2023","Sat Jun 24 01:18:30 GMT 2023","685","tests","test_main_page_ow6","TestMainPage","","","test_tc_001_08_02_weather_items_are_displayed",""
"passed","Sat Jun 24 01:27:12 GMT 2023","Sat Jun 24 01:27:14 GMT 2023","2095","tests","test_search_result_page_ow6","","","","test_TC_002_02_01_search_result_contains_city",""
"passed","Sat Jun 24 01:29:38 GMT 2023","Sat Jun 24 01:29:40 GMT 2023","2698","tests","test_suits_of_pages_ow6","","","","test_tc_003_08_05_about_us_link_is_visible_on_each_page_specified_in_data[https://openweathermap.org/about-us]",""
"passed","Sat Jun 24 01:12:08 GMT 2023","Sat Jun 24 01:12:10 GMT 2023","2075","tests","test_main_page_ow6","TestMainPage","","","test_TC_003_12_06_verify_privacy_policy_is_opened_after_click",""
"passed","Sat Jun 24 01:19:05 GMT 2023","Sat Jun 24 01:19:07 GMT 2023","2498","tests","test_marketplace_page_ow6","TestMarketplacePage","","","test_RF_TC_007_01_05_Verify_info_about_file_format[locator0]",""
"passed","Sat Jun 24 01:15:05 GMT 2023","Sat Jun 24 01:15:06 GMT 2023","152","tests","test_main_page_ow6","TestMainPage","","","test_tc_003_12_12_widgets_link_functionality",""
"passed","Sat Jun 24 01:16:23 GMT 2023","Sat Jun 24 01:16:26 GMT 2023","2428","tests","test_main_page_ow6","TestMainPage","","","test_TC_003_01_01_verify_footer_is_visible_from_all_pages_specified_in_data[faq]",""
"passed","Sat Jun 24 01:22:25 GMT 2023","Sat Jun 24 01:22:28 GMT 2023","2867","tests","test_our_initiatives_page_ow6","TestOurInitiativesPage","","","test_tc_010_01_04_check_url_our_initiatives",""
"passed","Sat Jun 24 01:23:21 GMT 2023","Sat Jun 24 01:23:23 GMT 2023","2029","tests","test_partners_page_ow6","TestPartnersPage","","","test_TC_011_03_04_verify_the_link_open_manual_is_clickable",""
"passed","Sat Jun 24 01:02:55 GMT 2023","Sat Jun 24 01:02:58 GMT 2023","2994","tests","test_about_us_page_ow6","TestAboutUsPage","","","test_tc_001_15_08_contact_us_button_is_clickable",""
"passed","Sat Jun 24 01:19:17 GMT 2023","Sat Jun 24 01:19:21 GMT 2023","4293","tests","test_marketplace_page_ow6","TestMarketplacePage","","","test_TC_007_03_02_Verify_visibility_of_location_name_on_the_map",""
"passed","Sat Jun 24 01:17:27 GMT 2023","Sat Jun 24 01:17:29 GMT 2023","2173","tests","test_main_page_ow6","TestMainPage","","","test_TC_003_12_05_ask_a_question_link_leads_to_correct_page",""
"passed","Sat Jun 24 01:21:01 GMT 2023","Sat Jun 24 01:21:03 GMT 2023","1946","tests","test_our_initiatives_page_ow6","TestOurInitiativesPage","","","test_010_01_01_01_verify_sections[Healthcare]",""
"passed","Sat Jun 24 01:30:31 GMT 2023","Sat Jun 24 01:30:34 GMT 2023","3058","tests","test_weather_api_page_ow6","TestWeatherApiPage","","","test_tc_005_06_1_visibility_climatic_forecast_30_days_page_title",""
"passed","Sat Jun 24 01:29:18 GMT 2023","Sat Jun 24 01:29:20 GMT 2023","1936","tests","test_suits_of_pages_ow6","","","","test_tc_003_08_05_about_us_link_is_visible_on_each_page_specified_in_data[https://openweathermap.org/appid]",""
"passed","Sat Jun 24 01:28:24 GMT 2023","Sat Jun 24 01:28:29 GMT 2023","4780","tests","test_student_initiative_page_ow6","TestStudentInitiativePage","","","test_tc_010_02_06_verify_website_link_redirects_to_main_page",""
"passed","Sat Jun 24 01:30:23 GMT 2023","Sat Jun 24 01:30:26 GMT 2023","2940","tests","test_suits_of_pages_ow6","","","","test_tc_003_03_01_01_verify_the_product_collections_module_title_is_visible_on_each_page[https://openweathermap.org/stations]",""
"passed","Sat Jun 24 01:26:43 GMT 2023","Sat Jun 24 01:26:44 GMT 2023","878","tests","test_search_result_page_ow6","","","","test_TC_002_02_04_verify_displaying_entered_city_name_in_Search_field",""
"passed","Sat Jun 24 01:05:13 GMT 2023","Sat Jun 24 01:05:18 GMT 2023","5555","tests","test_dashboard_page_ow6","TestDashboardPage","","","test_tc_006_01_09_verify_hourly_forecast_api_link_redirects_to_valid_page",""
"passed","Sat Jun 24 01:27:49 GMT 2023","Sat Jun 24 01:27:51 GMT 2023","1983","tests","test_sign_in_page_ow6","TestSignInPage","","","test_tc_014_01_07_verify_submit_button_visibility",""
"passed","Sat Jun 24 01:15:24 GMT 2023","Sat Jun 24 01:15:24 GMT 2023","159","tests","test_main_page_ow6","TestMainPage","","","test_tc_003_12_24_verify_product_collections_module_all_link_functionality[https://openweathermap.org/api#history]",""
"passed","Sat Jun 24 01:20:07 GMT 2023","Sat Jun 24 01:20:11 GMT 2023","3910","tests","test_marketplace_page_ow6","TestMarketplacePage","","","test_TC_007_02_08_verify_visibility_clickability_labels_checkbox",""
"passed","Sat Jun 24 01:23:03 GMT 2023","Sat Jun 24 01:23:09 GMT 2023","6233","tests","test_partners_page_ow6","TestPartnersPage","","","test_tc_011_14_01_verify_visibility_and_clickability_of_the_github_button_php",""
"passed","Sat Jun 24 01:16:58 GMT 2023","Sat Jun 24 01:17:01 GMT 2023","2741","tests","test_main_page_ow6","TestMainPage","","","test_TC_003_01_02_verify_copyright_is_visible_from_all_pages_specified_in_data[appid]",""
"passed","Sat Jun 24 01:27:30 GMT 2023","Sat Jun 24 01:27:33 GMT 2023","2816","tests","test_sign_in_page_ow6","TestSignInPage","","","test_tc_014_03_04_checking_the_link_in_the_sing_in_form_leads_to_the_registration_page",""
"passed","Sat Jun 24 01:28:04 GMT 2023","Sat Jun 24 01:28:05 GMT 2023","415","tests","test_sign_in_page_ow6","TestSignInPage","","","test_tc_014_04_02_verify_authorization_with_empty_fields",""
"passed","Sat Jun 24 01:29:12 GMT 2023","Sat Jun 24 01:29:14 GMT 2023","1964","tests","test_suits_of_pages_ow6","","","","test_tc_003_08_05_about_us_link_is_visible_on_each_page_specified_in_data[https://home.openweathermap.org/users/sign_in]",""
"passed","Sat Jun 24 01:02:06 GMT 2023","Sat Jun 24 01:02:06 GMT 2023","451","api_testing.tests","test_Vitaly_S","Tests","","","Get API response for 'SINGLE USER' and validate JSON using pydentic validator","Validate JSON using pydentic validator for users from 1 to 12"
"passed","Sat Jun 24 01:17:49 GMT 2023","Sat Jun 24 01:17:51 GMT 2023","1881","tests","test_main_page_ow6","TestMainPage","","","test_TC_003_03_01_Product_Collections_title_is_visible[examples]",""
"passed","Sat Jun 24 01:32:24 GMT 2023","Sat Jun 24 01:32:27 GMT 2023","3490","tests","test_weather_dashboard_ow6","TestWeatherDashboard","","","test_tc_006_02_03_weather_dashboard_verify_the_transition_to_another_page",""
"passed","Sat Jun 24 01:16:39 GMT 2023","Sat Jun 24 01:16:42 GMT 2023","2291","tests","test_main_page_ow6","TestMainPage","","","test_TC_003_01_02_verify_copyright_is_visible_from_all_pages_specified_in_data[weather-dashboard]",""
"passed","Sat Jun 24 01:14:45 GMT 2023","Sat Jun 24 01:14:47 GMT 2023","2178","tests","test_main_page_ow6","TestMainPage","","","test_TC_002_01_03_Logo_is_visible[examples]",""
"passed","Sat Jun 24 01:02:03 GMT 2023","Sat Jun 24 01:02:04 GMT 2023","420","api_testing.tests","test_Vitaly_S","Tests","","","Get API response for 'SINGLE USER' and validate JSON using pydentic validator","Validate JSON using pydentic validator for users from 1 to 12"
"passed","Sat Jun 24 01:02:01 GMT 2023","Sat Jun 24 01:02:02 GMT 2023","416","api_testing.tests","test_Vitaly_S","Tests","","","Get API response for 'SINGLE USER' and check response status","Check correct response status for users from 1 to 12"
"passed","Sat Jun 24 01:31:58 GMT 2023","Sat Jun 24 01:32:00 GMT 2023","2366","tests","test_weather_conditions_page_ow6","TestWeatherConditions","","","test_TC_001_12_05_Clouds_group_of_codes_visible",""
"passed","Sat Jun 24 01:11:08 GMT 2023","Sat Jun 24 01:11:08 GMT 2023","152","tests","test_main_page_ow6","TestMainPage","","","test_tc_001_04_07_verify_day_list_elements_numbers_days",""
"passed","Sat Jun 24 01:08:43 GMT 2023","Sat Jun 24 01:08:44 GMT 2023","792","tests","test_main_page_ow6","TestMainPage","","","test_tc_003_12_08_verify_our_technology_link_functionality",""
"passed","Sat Jun 24 01:23:44 GMT 2023","Sat Jun 24 01:23:46 GMT 2023","2082","tests","test_partners_page_ow6","TestPartnersPage","","","test_tc_011_09_02_link_see_library_is_clickable",""
"passed","Sat Jun 24 01:04:27 GMT 2023","Sat Jun 24 01:04:30 GMT 2023","2173","tests","test_ask_a_question_pandbox","TestAskQuestionPage","","","test_tc_002_03_09_ask_a_question",""
"passed","Sat Jun 24 01:03:04 GMT 2023","Sat Jun 24 01:03:06 GMT 2023","2023","tests","test_accuracy_and_quality_of_weather_data_page_ow6","TestAccuracyAndQualityOfWeatherDataPage","","","test_TC_001_17_02_visibility_of_List_of_cities_module",""
"passed","Sat Jun 24 01:27:43 GMT 2023","Sat Jun 24 01:27:45 GMT 2023","1972","tests","test_sign_in_page_ow6","TestSignInPage","","","test_tc_014_01_05_verify_remember_me_record_visibility",""
"passed","Sat Jun 24 01:14:55 GMT 2023","Sat Jun 24 01:14:56 GMT 2023","1925","tests","test_main_page_ow6","TestMainPage","","","test_TC_002_01_03_Logo_is_visible[appid]",""
"passed","Sat Jun 24 01:29:28 GMT 2023","Sat Jun 24 01:29:30 GMT 2023","2024","tests","test_suits_of_pages_ow6","","","","test_tc_003_08_05_about_us_link_is_visible_on_each_page_specified_in_data[https://openweathermap.org/technology]",""
"passed","Sat Jun 24 01:20:49 GMT 2023","Sat Jun 24 01:20:52 GMT 2023","2906","tests","test_our_initiatives_page_ow6","TestOurInitiativesPage","","","test_010_01_01_01_verify_sections[Education]",""
"passed","Sat Jun 24 01:18:51 GMT 2023","Sat Jun 24 01:18:53 GMT 2023","2757","tests","test_marketplace_page_ow6","TestMarketplacePage","","","test_RF_TC_007_01_01_Select_state_from_dropdown_list[locator0]",""
"passed","Sat Jun 24 01:31:44 GMT 2023","Sat Jun 24 01:31:47 GMT 2023","2652","tests","test_weather_conditions_page_ow6","TestWeatherConditions","","","test_tc_001_12_07_verify_that_codes_and_descriptions_are_visible_for_each_weather_condition_group_part2[5]",""
"passed","Sat Jun 24 01:02:03 GMT 2023","Sat Jun 24 01:02:03 GMT 2023","491","api_testing.tests","test_Vitaly_S","Tests","","","Get API response for 'SINGLE USER' and check response status","Check correct response status for users from 1 to 12"
"passed","Sat Jun 24 01:14:12 GMT 2023","Sat Jun 24 01:14:14 GMT 2023","1822","tests","test_main_page_ow6","TestMainPage","","","test_TC_002_03_21_partners_link_leads_to_page_with_correct_header",""
"passed","Sat Jun 24 01:09:03 GMT 2023","Sat Jun 24 01:09:04 GMT 2023","1016","tests","test_main_page_ow6","TestMainPage","","","test_tc_003_12_17_verify_connect_your_weather_station_link_functionality",""
"passed","Sat Jun 24 01:05:10 GMT 2023","Sat Jun 24 01:05:12 GMT 2023","2062","tests","test_dashboard_page_ow6","TestDashboardPage","","","test_tc_006_01_05_image_is_visible",""
"passed","Sat Jun 24 01:15:54 GMT 2023","Sat Jun 24 01:15:55 GMT 2023","149","tests","test_main_page_ow6","TestMainPage","","","test_tc_003_12_24_verify_product_collections_module_all_link_functionality[https://openweathermap.org/widgets-constructor]",""
"passed","Sat Jun 24 01:07:46 GMT 2023","Sat Jun 24 01:07:46 GMT 2023","99","tests","test_main_page_ow6","TestMainPage","","","test_tc_003_03_04_verify_weather_dashboard_link_visibility",""
"passed","Sat Jun 24 01:27:33 GMT 2023","Sat Jun 24 01:27:35 GMT 2023","1996","tests","test_sign_in_page_ow6","TestSignInPage","","","test_tc_014_01_01_verify_registration_form_visibility",""
"passed","Sat Jun 24 01:23:31 GMT 2023","Sat Jun 24 01:23:33 GMT 2023","1954","tests","test_partners_page_ow6","TestPartnersPage","","","test_TC_011_12_01_verify_the_link_in_raspberry_is_visible_and_clickable",""
"passed","Sat Jun 24 01:30:58 GMT 2023","Sat Jun 24 01:31:00 GMT 2023","1856","tests","test_weather_api_page_ow6","TestWeatherApiPage","","","test_005_17_01_check_title_history_api_full_archive",""
"passed","Sat Jun 24 01:24:44 GMT 2023","Sat Jun 24 01:24:46 GMT 2023","1912","tests","test_partners_page_ow6","TestPartnersPage","","","test_TC_011_19_01_Verify_that_the_anchor_links_are_clickable[anchor_locators12]",""
"passed","Sat Jun 24 01:19:22 GMT 2023","Sat Jun 24 01:19:26 GMT 2023","4278","tests","test_marketplace_page_ow6","TestMarketplacePage","","","test_TC_007_03_03_Verify_clickability_of_button_Add_location",""
"passed","Sat Jun 24 01:26:09 GMT 2023","Sat Jun 24 01:26:14 GMT 2023","5668","tests","test_road_risk_api_page_ow6","TestRoadRiskApi","","","test_tc_005_08_07_road_risk_api_verification_of_national_weather_warning_sources_list",""
"passed","Sat Jun 24 01:04:15 GMT 2023","Sat Jun 24 01:04:18 GMT 2023","3517","tests","test_app_store_page_ow6","TestAppStorePage","","","test_tc_001_15_10_verify_redirection_to_app_store",""
"passed","Sat Jun 24 01:13:15 GMT 2023","Sat Jun 24 01:13:16 GMT 2023","1197","tests","test_main_page_ow6","TestMainPage","","","test_tc_002_03_10_01_how_to_start_link_leads_to_correct_page",""
"passed","Sat Jun 24 01:02:04 GMT 2023","Sat Jun 24 01:02:04 GMT 2023","444","api_testing.tests","test_Vitaly_S","Tests","","","Get API response for 'SINGLE USER' and validate JSON using pydentic validator","Validate JSON using pydentic validator for users from 1 to 12"
"passed","Sat Jun 24 01:27:56 GMT 2023","Sat Jun 24 01:27:57 GMT 2023","735","tests","test_sign_in_page_ow6","TestSignInPage","","","test_AT_014_06___Sign_in___Negative_testing_wrong_password___correct_login","
        Negative testing of logging to the site
        Pair used:
        1. Valid E-mail
        2. NOT a valid password
        "
"passed","Sat Jun 24 01:29:09 GMT 2023","Sat Jun 24 01:29:11 GMT 2023","2065","tests","test_suits_of_pages_ow6","","","","test_tc_003_08_05_about_us_link_is_visible_on_each_page_specified_in_data[https://openweathermap.org/examples]",""
"passed","Sat Jun 24 01:11:17 GMT 2023","Sat Jun 24 01:11:21 GMT 2023","4130","tests","test_main_page_ow6","TestMainPage","","","test_tc_003_09_03_app_store_brand_link_clickable",""
"passed","Sat Jun 24 01:06:07 GMT 2023","Sat Jun 24 01:06:09 GMT 2023","1921","tests","test_guide_page_ow6","TestGuidePage","","","test_tc_004_08_04_verify_all_historical_collection_links_same_color",""
"passed","Sat Jun 24 01:28:18 GMT 2023","Sat Jun 24 01:28:20 GMT 2023","2045","tests","test_solar_api_ow6","TestSolarApi","","","test_tc_005_10_02_visibility_of_product_concept_article_title",""
"passed","Sat Jun 24 01:04:59 GMT 2023","Sat Jun 24 01:05:01 GMT 2023","2233","tests","test_dashboard_page_ow6","TestDashboardPage","","","test_TC_006_04_02_Verify_that_the_Sign_up_button_is_clickable_in_the_Pricing_and_limits_section",""
"passed","Sat Jun 24 01:16:51 GMT 2023","Sat Jun 24 01:16:54 GMT 2023","2462","tests","test_main_page_ow6","TestMainPage","","","test_TC_003_01_02_verify_copyright_is_visible_from_all_pages_specified_in_data[home/sign_in]",""
"passed","Sat Jun 24 01:02:02 GMT 2023","Sat Jun 24 01:02:03 GMT 2023","450","api_testing.tests","test_Vitaly_S","Tests","","","Get API response for 'SINGLE USER' and check response status","Check correct response status for users from 1 to 12"
"passed","Sat Jun 24 01:06:28 GMT 2023","Sat Jun 24 01:06:30 GMT 2023","2001","tests","test_guide_page_ow6","TestGuidePage","","","test_tc_004_05_01",""
"passed","Sat Jun 24 01:24:38 GMT 2023","Sat Jun 24 01:24:40 GMT 2023","1904","tests","test_partners_page_ow6","TestPartnersPage","","","test_TC_011_19_01_Verify_that_the_anchor_links_are_clickable[anchor_locators10]",""
"passed","Sat Jun 24 01:22:50 GMT 2023","Sat Jun 24 01:22:55 GMT 2023","5101","tests","test_partners_page_ow6","TestPartnersPage","","","test_tc_011_05_01_redirected_to_the_page_my_weather_indicator_in_launchpad_correctly",""
"passed","Sat Jun 24 01:32:32 GMT 2023","Sat Jun 24 01:32:36 GMT 2023","3671","tests","test_widgets_constructor_page_ow6","TestWidgetsConstractorPage","","","test_tc_001_09_04_verify_visibility_of_fahrenheit",""
"passed","Sat Jun 24 01:23:47 GMT 2023","Sat Jun 24 01:23:50 GMT 2023","3093","tests","test_partners_page_ow6","TestPartnersPage","","","test_tc_011_09_03_link_see_library_redirects_correctly",""
"passed","Sat Jun 24 01:25:07 GMT 2023","Sat Jun 24 01:25:10 GMT 2023","3330","tests","test_partners_page_ow6","TestPartnersPage","","","test_tc_011_14_02_verify_the_git_php_link_leads_to_correct_page",""
"passed","Sat Jun 24 01:16:01 GMT 2023","Sat Jun 24 01:16:03 GMT 2023","1946","tests","test_main_page_ow6","TestMainPage","","","test_TC_003_01_01_verify_footer_is_visible_from_all_pages_specified_in_data[guide]",""
"passed","Sat Jun 24 01:28:21 GMT 2023","Sat Jun 24 01:28:23 GMT 2023","2866","tests","test_solar_api_ow6","TestSolarApi","","","test_tc_005_10_03_correct_redirection_for_how_to_get_access_link",""
"passed","Sat Jun 24 01:24:30 GMT 2023","Sat Jun 24 01:24:32 GMT 2023","1965","tests","test_partners_page_ow6","TestPartnersPage","","","test_TC_011_19_01_Verify_that_the_anchor_links_are_clickable[anchor_locators7]",""
"passed","Sat Jun 24 01:31:30 GMT 2023","Sat Jun 24 01:31:33 GMT 2023","2445","tests","test_weather_conditions_page_ow6","TestWeatherConditions","","","test_tc_001_12_07_verify_that_codes_and_descriptions_are_visible_for_each_weather_condition_group_part1[8]",""
"skipped","Sat Jun 24 01:10:11 GMT 2023","Sat Jun 24 01:10:11 GMT 2023","0","tests","test_main_page_ow6","TestMainPage","","","test_TC_001_05_02_verify_current_location",""
"passed","Sat Jun 24 01:29:31 GMT 2023","Sat Jun 24 01:29:33 GMT 2023","2479","tests","test_suits_of_pages_ow6","","","","test_tc_003_08_05_about_us_link_is_visible_on_each_page_specified_in_data[https://openweathermap.org/accuracy-and-quality]",""
"skipped","Sat Jun 24 01:10:11 GMT 2023","Sat Jun 24 01:10:11 GMT 2023","0","tests","test_main_page_ow6","TestMainPage","","","test_TC_001_05_01_verify_the_current_date_and_time",""
"passed","Sat Jun 24 01:05:33 GMT 2023","Sat Jun 24 01:05:35 GMT 2023","1343","tests","test_faq_page_ow6","TestFAQPage","","","test_tc_002_03_09_open_faq",""
"passed","Sat Jun 24 01:32:01 GMT 2023","Sat Jun 24 01:32:04 GMT 2023","2560","tests","test_weather_conditions_page_ow6","TestWeatherConditions","","","test_TC_001_12_01_thunderstorm_group_contains_items",""
"passed","Sat Jun 24 01:28:55 GMT 2023","Sat Jun 24 01:28:56 GMT 2023","1893","tests","test_suits_of_pages_ow6","","","","test_tc_003_08_05_about_us_link_is_visible_on_each_page_specified_in_data[https://openweathermap.org/guide]",""
"passed","Sat Jun 24 01:31:07 GMT 2023","Sat Jun 24 01:31:09 GMT 2023","2434","tests","test_weather_conditions_page_ow6","TestWeatherConditions","","","test_tc_001_10_03_verify_count_of_icons_for_night_time",""
"passed","Sat Jun 24 01:23:40 GMT 2023","Sat Jun 24 01:23:42 GMT 2023","1903","tests","test_partners_page_ow6","TestPartnersPage","","","test_tc_011_09_01_link_see_library_visibility",""
"passed","Sat Jun 24 01:30:27 GMT 2023","Sat Jun 24 01:30:30 GMT 2023","2861","tests","test_suits_of_pages_ow6","","","","test_tc_003_03_01_01_verify_the_product_collections_module_title_is_visible_on_each_page[https://openweathermap.org/about-us]",""
"passed","Sat Jun 24 01:02:00 GMT 2023","Sat Jun 24 01:02:00 GMT 2023","454","api_testing.tests","test_Vitaly_S","Tests","","","Get API response for 'SINGLE USER' and check response status","Check correct response status for users from 1 to 12"
"passed","Sat Jun 24 01:10:29 GMT 2023","Sat Jun 24 01:10:29 GMT 2023","70","tests","test_main_page_ow6","TestMainPage","","","test_tc_001_04_03_verify_in_day_list_first_element_day_by_week",""
"passed","Sat Jun 24 01:03:07 GMT 2023","Sat Jun 24 01:03:11 GMT 2023","4061","tests","test_api_keys_page_ow6","TestApiKey","","","test_tc_017_04_01_module_create_api_key_is_visible",""
"passed","Sat Jun 24 01:27:46 GMT 2023","Sat Jun 24 01:27:48 GMT 2023","1983","tests","test_sign_in_page_ow6","TestSignInPage","","","test_tc_014_01_06_verify_checkbox_visibility",""
"passed","Sat Jun 24 01:02:01 GMT 2023","Sat Jun 24 01:02:01 GMT 2023","410","api_testing.tests","test_Vitaly_S","Tests","","","Get API response for 'SINGLE USER' and check response status","Check correct response status for users from 1 to 12"
"passed","Sat Jun 24 01:13:52 GMT 2023","Sat Jun 24 01:13:54 GMT 2023","1610","tests","test_main_page_ow6","TestMainPage","","","test_tc_002_03_09_01_faq_link_leads_to_correct_page",""
"passed","Sat Jun 24 01:13:34 GMT 2023","Sat Jun 24 01:13:35 GMT 2023","207","tests","test_main_page_ow6","TestMainPage","","","test_tc_002_02_09_placeholder_disappears_if_symbol_is_typed_in_search_field",""
"passed","Sat Jun 24 01:03:33 GMT 2023","Sat Jun 24 01:03:38 GMT 2023","5338","tests","test_api_keys_page_ow6","TestApiKey","","","test_tc_017_05_01_verify_visability_clickability_icon_for_deleting_selected_API_key",""
"passed","Sat Jun 24 01:23:53 GMT 2023","Sat Jun 24 01:23:55 GMT 2023","1921","tests","test_partners_page_ow6","TestPartnersPage","","","test_TC_011_01_02_verify_that_the_heading_of_the_page_equals_to_Partners_and_solutions",""
"passed","Sat Jun 24 01:24:52 GMT 2023","Sat Jun 24 01:24:54 GMT 2023","1921","tests","test_partners_page_ow6","TestPartnersPage","","","test_TC_011_19_01_Verify_that_the_anchor_links_are_clickable[anchor_locators15]",""
"passed","Sat Jun 24 01:20:21 GMT 2023","Sat Jun 24 01:20:23 GMT 2023","2607","tests","test_members_page_ow6","TestMembersPage","","","test_TC_018_02_02_verify_that_the_list_of_fields_changes_when_the_radio_button_is_toggled",""
"passed","Sat Jun 24 01:19:02 GMT 2023","Sat Jun 24 01:19:04 GMT 2023","2492","tests","test_marketplace_page_ow6","TestMarketplacePage","","","test_RF_TC_007_01_04_Verify_Units_of_measurement[locator0]",""
"skipped","Sat Jun 24 01:10:11 GMT 2023","Sat Jun 24 01:10:11 GMT 2023","0","tests","test_main_page_ow6","TestMainPage","","","test_tc_001_01_01_verify_city_name_displayed_by_zip",""
"passed","Sat Jun 24 01:29:54 GMT 2023","Sat Jun 24 01:29:56 GMT 2023","1894","tests","test_suits_of_pages_ow6","","","","test_tc_003_03_01_01_verify_the_product_collections_module_title_is_visible_on_each_page[https://openweathermap.org/price]",""
"passed","Sat Jun 24 01:16:03 GMT 2023","Sat Jun 24 01:16:06 GMT 2023","2577","tests","test_main_page_ow6","TestMainPage","","","test_TC_003_01_01_verify_footer_is_visible_from_all_pages_specified_in_data[api]",""
"passed","Sat Jun 24 01:31:01 GMT 2023","Sat Jun 24 01:31:03 GMT 2023","2246","tests","test_weather_api_page_ow6","TestWeatherApiPage","","","test_005_17_02_check_api_calls_and_responses",""
"passed","Sat Jun 24 01:25:36 GMT 2023","Sat Jun 24 01:25:40 GMT 2023","3792","tests","test_pricing_page_ow6","TestPricingPage","","","test_TC_002_01_07_verify_clicking_on_the_logo_from_page_Pricing_redirects_to_main_page",""
"passed","Sat Jun 24 01:29:41 GMT 2023","Sat Jun 24 01:29:44 GMT 2023","2856","tests","test_suits_of_pages_ow6","","","","test_tc_003_03_01_01_verify_the_product_collections_module_title_is_visible_on_each_page[https://openweathermap.org/]",""
"passed","Sat Jun 24 01:07:00 GMT 2023","Sat Jun 24 01:07:00 GMT 2023","173","tests","test_main_page_ow6","TestMainPage","","","test_example_search_city",""
"passed","Sat Jun 24 01:05:45 GMT 2023","Sat Jun 24 01:05:48 GMT 2023","2275","tests","test_for_business_page_ow6","TestBusinessPage","","","test_tc_012_01_07_verify_the_elements_are_presented_on_the_page",""
"passed","Sat Jun 24 01:11:22 GMT 2023","Sat Jun 24 01:11:26 GMT 2023","3993","tests","test_main_page_ow6","TestMainPage","","","test_tc_003_09_04_google_play_brand_link_clickable",""
"passed","Sat Jun 24 01:28:15 GMT 2023","Sat Jun 24 01:28:17 GMT 2023","1732","tests","test_sign_in_page_ow6","TestSignInPage","","","test_at_014_05_01_sign_in_negative_testing_wrong_email_and_correct_password","
        Negative testing of logging to the site
        Pair used:
        1. NOT a valid E-mail
        2. Valid password
        "
"passed","Sat Jun 24 01:20:12 GMT 2023","Sat Jun 24 01:20:16 GMT 2023","4339","tests","test_marketplace_page_ow6","TestMarketplacePage","","","test_TC_007_03_04_verify_name_of_location_and_its_coordinates_are_displayed_in_the_order",""
"passed","Sat Jun 24 01:32:29 GMT 2023","Sat Jun 24 01:32:31 GMT 2023","2258","tests","test_weather_dashboard_ow6","TestWeatherDashboard","","","test_TC_006_04_04_pricing_plans_are_visible",""
"passed","Sat Jun 24 01:24:27 GMT 2023","Sat Jun 24 01:24:29 GMT 2023","1958","tests","test_partners_page_ow6","TestPartnersPage","","","test_TC_011_19_01_Verify_that_the_anchor_links_are_clickable[anchor_locators6]",""
"passed","Sat Jun 24 01:11:27 GMT 2023","Sat Jun 24 01:11:31 GMT 2023","3613","tests","test_main_page_ow6","TestMainPage","","","test_tc_003_09_04_google_play_brand_link_display",""
"passed","Sat Jun 24 01:28:12 GMT 2023","Sat Jun 24 01:28:12 GMT 2023","490","tests","test_sign_in_page_ow6","TestSignInPage","","","test_tc_014_04_06_verify_authorization_with_valid_password_and_empty_email_field",""
"passed","Sat Jun 24 01:23:27 GMT 2023","Sat Jun 24 01:23:30 GMT 2023","3571","tests","test_partners_page_ow6","TestPartnersPage","","","test_TC_011_02_02_Verify_that_user_is_redirected_to_a_new_window_page_after_click_on_the_link_More_detailes_with_source_code",""
"passed","Sat Jun 24 01:01:58 GMT 2023","Sat Jun 24 01:01:58 GMT 2023","102","api_testing.tests","test_Vitaly_S","Tests","","","Get API response for 'LIST USERS' and validate JSON using pydentic validator","Validate JSON using pydentic validator"
"passed","Sat Jun 24 01:30:06 GMT 2023","Sat Jun 24 01:30:08 GMT 2023","2099","tests","test_suits_of_pages_ow6","","","","test_tc_003_03_01_01_verify_the_product_collections_module_title_is_visible_on_each_page[https://openweathermap.org/faq]",""
"passed","Sat Jun 24 01:14:22 GMT 2023","Sat Jun 24 01:14:25 GMT 2023","2524","tests","test_main_page_ow6","TestMainPage","","","test_TC_002_03_07_marketplace_link_redirects_to_valid_page",""
"passed","Sat Jun 24 01:18:42 GMT 2023","Sat Jun 24 01:18:44 GMT 2023","1894","tests","test_maps_page_ow6","TestMapsPage","","","test_TC_002_03_12_open_maps",""
"passed","Sat Jun 24 01:25:47 GMT 2023","Sat Jun 24 01:25:49 GMT 2023","2612","tests","test_road_risk_api_page_ow6","TestRoadRiskApi","","","test_tc_005_08_01_road_risk_api_verify_page_title_for_road_risk_api",""
"passed","Sat Jun 24 01:19:40 GMT 2023","Sat Jun 24 01:19:43 GMT 2023","3074","tests","test_marketplace_page_ow6","TestMarketplacePage","","","test_TC_007_02_04_verify_search_by_import_csv",""
"passed","Sat Jun 24 01:28:43 GMT 2023","Sat Jun 24 01:28:49 GMT 2023","6644","tests","test_subscription_page_ow6","TestSubscriptionPage","","","test_TC_018_01_04_verify_redirect_to_payment_service_page_for_not_logged_in_user",""
"passed","Sat Jun 24 01:26:05 GMT 2023","Sat Jun 24 01:26:08 GMT 2023","2680","tests","test_road_risk_api_page_ow6","TestRoadRiskApi","","","test_tc_005_08_06_verify_redirection_to_the_page_with_API_keys_by_clicking_on_the_API_Key_tab",""
"passed","Sat Jun 24 01:16:49 GMT 2023","Sat Jun 24 01:16:51 GMT 2023","1973","tests","test_main_page_ow6","TestMainPage","","","test_TC_003_01_02_verify_copyright_is_visible_from_all_pages_specified_in_data[examples]",""
"passed","Sat Jun 24 01:09:43 GMT 2023","Sat Jun 24 01:09:43 GMT 2023","59","tests","test_main_page_ow6","TestMainPage","","","test_TC_003_13_01_verify_cookies_management_module_is_visible",""
"passed","Sat Jun 24 01:16:14 GMT 2023","Sat Jun 24 01:16:16 GMT 2023","2412","tests","test_main_page_ow6","TestMainPage","","","test_TC_003_01_01_verify_footer_is_visible_from_all_pages_specified_in_data[our-initiatives]",""
"passed","Sat Jun 24 01:09:52 GMT 2023","Sat Jun 24 01:09:53 GMT 2023","762","tests","test_main_page_ow6","TestMainPage","","","test_TC_003_14_02_manage_cookies_link_functionality",""
"passed","Sat Jun 24 01:20:35 GMT 2023","Sat Jun 24 01:20:40 GMT 2023","5023","tests","test_openagro_page_ow6","TestOpenAgro","","","test_tc_021_01_06_redirection_to_agricultural_analytics_request_form",""
"passed","Sat Jun 24 01:16:20 GMT 2023","Sat Jun 24 01:16:22 GMT 2023","2446","tests","test_main_page_ow6","TestMainPage","","","test_TC_003_01_01_verify_footer_is_visible_from_all_pages_specified_in_data[home/sign_in]",""
"passed","Sat Jun 24 01:25:43 GMT 2023","Sat Jun 24 01:25:46 GMT 2023","2548","tests","test_road_risk_api_page_ow6","TestRoadRiskApi","","","test_tc_005_08_03_road_risk_api_visibility_of_road_risk_api_concept_section",""
"passed","Sat Jun 24 01:02:52 GMT 2023","Sat Jun 24 01:02:54 GMT 2023","2184","tests","test_about_us_page_ow6","TestAboutUsPage","","","test_tc_001_15_11_verify_cursor_transformation_after_hovering_over_on_element",""
"passed","Sat Jun 24 01:02:19 GMT 2023","Sat Jun 24 01:02:21 GMT 2023","2024","tests","test_about_us_page_ow6","TestAboutUsPage","","","test_tc_001_15_01_verify_correct_header_about_us_page",""
"passed","Sat Jun 24 01:01:59 GMT 2023","Sat Jun 24 01:01:59 GMT 2023","104","api_testing.tests","test_Vitaly_S","Tests","","","Get API response for 'SINGLE USER' and check response status","Check correct response status for users from 1 to 12"
"passed","Sat Jun 24 01:18:31 GMT 2023","Sat Jun 24 01:18:34 GMT 2023","2802","tests","test_maps_page_ow6","TestMapsPage","","","test_TC_001_06_02_verify_clickability_of_cities_checkbox",""
"passed","Sat Jun 24 01:24:21 GMT 2023","Sat Jun 24 01:24:23 GMT 2023","2081","tests","test_partners_page_ow6","TestPartnersPage","","","test_TC_011_19_01_Verify_that_the_anchor_links_are_clickable[anchor_locators4]",""
"passed","Sat Jun 24 01:15:55 GMT 2023","Sat Jun 24 01:16:00 GMT 2023","4393","tests","test_main_page_ow6","TestMainPage","","","test_TC_003_01_01_verify_footer_is_visible_from_all_pages_specified_in_data[]",""
"passed","Sat Jun 24 01:02:05 GMT 2023","Sat Jun 24 01:02:05 GMT 2023","412","api_testing.tests","test_Vitaly_S","Tests","","","Get API response for 'SINGLE USER' and validate JSON using pydentic validator","Validate JSON using pydentic validator for users from 1 to 12"
"passed","Sat Jun 24 01:19:27 GMT 2023","Sat Jun 24 01:19:30 GMT 2023","2990","tests","test_marketplace_page_ow6","TestMarketplacePage","","","test_TC_007_02_01_verify_the_method_of_input_location",""
"passed","Sat Jun 24 01:06:13 GMT 2023","Sat Jun 24 01:06:16 GMT 2023","3021","tests","test_guide_page_ow6","TestGuidePage","","","test_TC_004_06_03_verify_redirection_industry_standard_apis_link",""
"passed","Sat Jun 24 01:24:41 GMT 2023","Sat Jun 24 01:24:43 GMT 2023","1927","tests","test_partners_page_ow6","TestPartnersPage","","","test_TC_011_19_01_Verify_that_the_anchor_links_are_clickable[anchor_locators11]",""
"passed","Sat Jun 24 01:16:17 GMT 2023","Sat Jun 24 01:16:19 GMT 2023","2034","tests","test_main_page_ow6","TestMainPage","","","test_TC_003_01_01_verify_footer_is_visible_from_all_pages_specified_in_data[examples]",""
"passed","Sat Jun 24 01:22:59 GMT 2023","Sat Jun 24 01:23:02 GMT 2023","3203","tests","test_partners_page_ow6","TestPartnersPage","","","test_TC_011_13_02_verify_correct_redirection_of_the_link_view_on_github_python",""
"passed","Sat Jun 24 01:29:15 GMT 2023","Sat Jun 24 01:29:17 GMT 2023","2364","tests","test_suits_of_pages_ow6","","","","test_tc_003_08_05_about_us_link_is_visible_on_each_page_specified_in_data[https://openweathermap.org/faq]",""
"passed","Sat Jun 24 01:26:53 GMT 2023","Sat Jun 24 01:26:53 GMT 2023","31","tests","test_search_result_page_ow6","","","","test_tc_001_08_03_chart_current_weather",""
"passed","Sat Jun 24 01:08:33 GMT 2023","Sat Jun 24 01:08:34 GMT 2023","804","tests","test_main_page_ow6","TestMainPage","","","test_tc_003_12_03_verify_weather_maps_link_functionality",""
"passed","Sat Jun 24 01:32:37 GMT 2023","Sat Jun 24 01:32:40 GMT 2023","3217","tests","test_widgets_constructor_page_ow6","TestWidgetsConstractorPage","","","test_tc_001_09_03_verify_visibility_of_celsius",""
"passed","Sat Jun 24 01:30:14 GMT 2023","Sat Jun 24 01:30:17 GMT 2023","2572","tests","test_suits_of_pages_ow6","","","","test_tc_003_03_01_01_verify_the_product_collections_module_title_is_visible_on_each_page[https://openweathermap.org/widgets-constructor]",""
"broken","Sat Jun 24 01:04:44 GMT 2023","Sat Jun 24 01:04:47 GMT 2023","2265","tests","test_cookies_settings_page_ow6","TestCookiesSettingsPage","","","test_TC_001_13_02_verify_the_saving_of_cookies_settings",""
"passed","Sat Jun 24 01:10:12 GMT 2023","Sat Jun 24 01:10:16 GMT 2023","3910","tests","test_main_page_ow6","TestMainPage","","","test_tc_001_01_02_main_page_search_city_dropdown_options_valid_value",""
"passed","Sat Jun 24 01:23:17 GMT 2023","Sat Jun 24 01:23:20 GMT 2023","2915","tests","test_partners_page_ow6","TestPartnersPage","","","test_TC_011_03_01_verify_the_link_open_manual_is_visible",""
"passed","Sat Jun 24 01:14:26 GMT 2023","Sat Jun 24 01:14:29 GMT 2023","3524","tests","test_main_page_ow6","TestMainPage","","","test_TC_002_01_03_Logo_is_visible[]",""
"passed","Sat Jun 24 01:28:39 GMT 2023","Sat Jun 24 01:28:42 GMT 2023","2861","tests","test_subscription_page_ow6","TestSubscriptionPage","","","test_TC_018_01_05_verify_error_messages_for_empty_required_fields_in_organisation",""
"passed","Sat Jun 24 01:02:07 GMT 2023","Sat Jun 24 01:02:08 GMT 2023","429","api_testing.tests","test_example","","","","test_post_create",""
"passed","Sat Jun 24 01:08:53 GMT 2023","Sat Jun 24 01:08:54 GMT 2023","1149","tests","test_main_page_ow6","TestMainPage","","","test_tc_003_12_16_verify_accuracy_and_quality_of_weather_data_link_functionality",""
"passed","Sat Jun 24 01:12:19 GMT 2023","Sat Jun 24 01:12:20 GMT 2023","1629","tests","test_main_page_ow6","TestMainPage","","","test_TC_003_12_07_about_us_link_leads_to_correct_page",""
"passed","Sat Jun 24 01:18:54 GMT 2023","Sat Jun 24 01:18:57 GMT 2023","2790","tests","test_marketplace_page_ow6","TestMarketplacePage","","","test_RF_TC_007_01_02_Select_year_from_dropdown_list[locator0]",""
"passed","Sat Jun 24 01:22:56 GMT 2023","Sat Jun 24 01:22:58 GMT 2023","2123","tests","test_partners_page_ow6","TestPartnersPage","","","test_TC_011_13_01_verify_visibility_and_clickability_of_the_link_view_on_github_python",""
"passed","Sat Jun 24 01:28:57 GMT 2023","Sat Jun 24 01:28:59 GMT 2023","1883","tests","test_suits_of_pages_ow6","","","","test_tc_003_08_05_about_us_link_is_visible_on_each_page_specified_in_data[https://openweathermap.org/api]",""
"passed","Sat Jun 24 01:02:03 GMT 2023","Sat Jun 24 01:02:03 GMT 2023","101","api_testing.tests","test_Vitaly_S","Tests","","","Get API response for 'SINGLE USER' and validate JSON using pydentic validator","Validate JSON using pydentic validator for users from 1 to 12"
"passed","Sat Jun 24 01:25:19 GMT 2023","Sat Jun 24 01:25:22 GMT 2023","2917","tests","test_pricing_page_ow6","TestPricingPage","","","test_TC_008_02_02_Visibility_the_title_OneCall_is_visible",""
"passed","Sat Jun 24 01:07:19 GMT 2023","Sat Jun 24 01:07:19 GMT 2023","28","tests","test_main_page_ow6","TestMainPage","","","test_tc_021_01_01_visibility_of_agriculture_analytics_link",""
"passed","Sat Jun 24 01:25:03 GMT 2023","Sat Jun 24 01:25:06 GMT 2023","3387","tests","test_partners_page_ow6","TestPartnersPage","","","test_TC_011_18_01_verify_redirection_view_solutions_button_to_the_right_website",""
"passed","Sat Jun 24 01:17:43 GMT 2023","Sat Jun 24 01:17:45 GMT 2023","1936","tests","test_main_page_ow6","TestMainPage","","","test_TC_003_03_01_Product_Collections_title_is_visible[price]",""
"passed","Sat Jun 24 01:18:58 GMT 2023","Sat Jun 24 01:19:01 GMT 2023","2674","tests","test_marketplace_page_ow6","TestMarketplacePage","","","test_RF_TC_007_01_03_Verify_Weather_parameters_to_be_provided[locator0]",""
"passed","Sat Jun 24 01:18:45 GMT 2023","Sat Jun 24 01:18:50 GMT 2023","4614","tests","test_maps_page_ow6","TestMapsPage","","","test_TC_002_01_06_Verify_return_to_Main_page_from_Interactive_weather_maps",""
"passed","Sat Jun 24 01:31:34 GMT 2023","Sat Jun 24 01:31:36 GMT 2023","2581","tests","test_weather_conditions_page_ow6","TestWeatherConditions","","","test_tc_001_12_07_verify_that_codes_and_descriptions_are_visible_for_each_weather_condition_group_part2[2]",""
"passed","Sat Jun 24 01:05:35 GMT 2023","Sat Jun 24 01:05:39 GMT 2023","3962","tests","test_for_business_page_ow6","TestBusinessPage","","","test_tc_012_01_04_verify_the_headings_are_present_on_the_page",""
"passed","Sat Jun 24 01:01:59 GMT 2023","Sat Jun 24 01:01:59 GMT 2023","451","api_testing.tests","test_Vitaly_S","Tests","","","Get API response for 'SINGLE USER' and check response status","Check correct response status for users from 1 to 12"
"passed","Sat Jun 24 01:06:20 GMT 2023","Sat Jun 24 01:06:22 GMT 2023","1911","tests","test_guide_page_ow6","TestGuidePage","","","test_TC_004_06_07_verify_button_subscribe_to_onecall_by_call_is_visible",""
"passed","Sat Jun 24 01:02:58 GMT 2023","Sat Jun 24 01:03:03 GMT 2023","4970","tests","test_about_us_page_ow6","TestAboutUsPage","","","test_TC_001_15_06_verify_correct_redirection_of_the_contact_us_button",""
"passed","Sat Jun 24 01:29:24 GMT 2023","Sat Jun 24 01:29:27 GMT 2023","3391","tests","test_suits_of_pages_ow6","","","","test_tc_003_08_05_about_us_link_is_visible_on_each_page_specified_in_data[https://openweathermap.org/widgets-constructor]",""
"passed","Sat Jun 24 01:05:48 GMT 2023","Sat Jun 24 01:05:51 GMT 2023","2314","tests","test_for_business_page_ow6","TestBusinessPage","","","test_tc_012_01_08_verify_the_buttons_are_clickable",""
"passed","Sat Jun 24 01:17:55 GMT 2023","Sat Jun 24 01:17:57 GMT 2023","2041","tests","test_main_page_ow6","TestMainPage","","","test_TC_003_03_01_Product_Collections_title_is_visible[faq]",""
"passed","Sat Jun 24 01:24:55 GMT 2023","Sat Jun 24 01:24:57 GMT 2023","1911","tests","test_partners_page_ow6","TestPartnersPage","","","test_TC_011_19_01_Verify_that_the_anchor_links_are_clickable[anchor_locators16]",""
"passed","Sat Jun 24 01:07:55 GMT 2023","Sat Jun 24 01:07:55 GMT 2023","97","tests","test_main_page_ow6","TestMainPage","","","test_tc_003_03_05_verify_weather_dashboard_link_clickability",""
"passed","Sat Jun 24 01:14:48 GMT 2023","Sat Jun 24 01:14:50 GMT 2023","2629","tests","test_main_page_ow6","TestMainPage","","","test_TC_002_01_03_Logo_is_visible[home/sign_in]",""
"passed","Sat Jun 24 01:14:33 GMT 2023","Sat Jun 24 01:14:35 GMT 2023","1886","tests","test_main_page_ow6","TestMainPage","","","test_TC_002_01_03_Logo_is_visible[api]",""
"passed","Sat Jun 24 01:24:15 GMT 2023","Sat Jun 24 01:24:17 GMT 2023","1948","tests","test_partners_page_ow6","TestPartnersPage","","","test_TC_011_19_01_Verify_that_the_anchor_links_are_clickable[anchor_locators2]",""
"passed","Sat Jun 24 01:09:23 GMT 2023","Sat Jun 24 01:09:25 GMT 2023","2215","tests","test_main_page_ow6","TestMainPage","","","test_tc_003_12_19_verify_subscribe_for_free_link_functionality_for_unauthorized_user",""
"passed","Sat Jun 24 01:24:50 GMT 2023","Sat Jun 24 01:24:51 GMT 2023","1903","tests","test_partners_page_ow6","TestPartnersPage","","","test_TC_011_19_01_Verify_that_the_anchor_links_are_clickable[anchor_locators14]",""
"passed","Sat Jun 24 01:25:50 GMT 2023","Sat Jun 24 01:25:53 GMT 2023","2339","tests","test_road_risk_api_page_ow6","TestRoadRiskApi","","","test_tc_005_08_05_redirection_to_the_list_of_sectional_sources_of_weather_warnings_section_of_the_page",""
"passed","Sat Jun 24 01:02:00 GMT 2023","Sat Jun 24 01:02:00 GMT 2023","459","api_testing.tests","test_Vitaly_S","Tests","","","Get API response for 'SINGLE USER' and check response status","Check correct response status for users from 1 to 12"
"passed","Sat Jun 24 01:27:24 GMT 2023","Sat Jun 24 01:27:26 GMT 2023","1982","tests","test_sign_in_page_ow6","TestSignInPage","","","test_tc_014_03_02_checking_the_link_to_the_registration_page_display",""
"passed","Sat Jun 24 01:14:30 GMT 2023","Sat Jun 24 01:14:32 GMT 2023","1874","tests","test_main_page_ow6","TestMainPage","","","test_TC_002_01_03_Logo_is_visible[guide]",""
"passed","Sat Jun 24 01:15:14 GMT 2023","Sat Jun 24 01:15:15 GMT 2023","160","tests","test_main_page_ow6","TestMainPage","","","test_tc_003_12_24_verify_product_collections_module_all_link_functionality[https://openweathermap.org/api#current]",""
"passed","Sat Jun 24 01:06:39 GMT 2023","Sat Jun 24 01:06:40 GMT 2023","770","tests","test_guide_page_ow6","TestGuidePage","","","test_tc_002_03_03_01_open_guide",""
"passed","Sat Jun 24 01:19:36 GMT 2023","Sat Jun 24 01:19:39 GMT 2023","3370","tests","test_marketplace_page_ow6","TestMarketplacePage","","","test_TC_007_02_05_verify_visibility_clickability_map_btn",""
"passed","Sat Jun 24 01:05:57 GMT 2023","Sat Jun 24 01:05:59 GMT 2023","1906","tests","test_guide_page_ow6","TestGuidePage","","","test_tc_004_08_01_historical_collection_block_visibility",""
"passed","Sat Jun 24 01:31:20 GMT 2023","Sat Jun 24 01:31:23 GMT 2023","2514","tests","test_weather_conditions_page_ow6","TestWeatherConditions","","","test_tc_001_12_07_verify_that_codes_and_descriptions_are_visible_for_each_weather_condition_group_part1[5]",""
"passed","Sat Jun 24 01:27:40 GMT 2023","Sat Jun 24 01:27:42 GMT 2023","1978","tests","test_sign_in_page_ow6","TestSignInPage","","","test_tc_014_01_03_verify_password_field_visibility",""
"passed","Sat Jun 24 01:31:10 GMT 2023","Sat Jun 24 01:31:13 GMT 2023","2565","tests","test_weather_conditions_page_ow6","TestWeatherConditions","","","test_tc_001_12_07_verify_that_codes_and_descriptions_are_visible_for_each_weather_condition_group_part1[2]",""
"passed","Sat Jun 24 01:26:23 GMT 2023","Sat Jun 24 01:26:24 GMT 2023","926","tests","test_search_result_page_ow6","","","","test_TC_002_02_03_verify_result_of_search_for_invalid_city_name",""
"passed","Sat Jun 24 01:02:07 GMT 2023","Sat Jun 24 01:02:07 GMT 2023","449","api_testing.tests","test_Vitaly_S","Tests","","","Get API response for 'SINGLE USER' and validate JSON using pydentic validator","Validate JSON using pydentic validator for users from 1 to 12"
"passed","Sat Jun 24 01:23:10 GMT 2023","Sat Jun 24 01:23:13 GMT 2023","2966","tests","test_partners_page_ow6","TestPartnersPage","","","test_TC_011_03_01_verify_the_link_view_on_github_is_visible",""
"passed","Sat Jun 24 01:31:51 GMT 2023","Sat Jun 24 01:31:54 GMT 2023","2768","tests","test_weather_conditions_page_ow6","TestWeatherConditions","","","test_tc_001_12_07_verify_that_codes_and_descriptions_are_visible_for_each_weather_condition_group_part2[7]",""
"passed","Sat Jun 24 01:02:08 GMT 2023","Sat Jun 24 01:02:08 GMT 2023","106","api_testing.tests","test_validator","Tests","","","test_list_users",""
"passed","Sat Jun 24 01:03:45 GMT 2023","Sat Jun 24 01:03:51 GMT 2023","5157","tests","test_api_keys_page_ow6","TestApiKey","","","test_tc_017_05_03_verify_notice_message_about_API_key_deletion",""
"passed","Sat Jun 24 01:15:33 GMT 2023","Sat Jun 24 01:15:33 GMT 2023","148","tests","test_main_page_ow6","TestMainPage","","","test_tc_003_12_24_verify_product_collections_module_all_link_functionality[https://openweathermap.org/api#maps]",""
"passed","Sat Jun 24 01:27:52 GMT 2023","Sat Jun 24 01:27:54 GMT 2023","1971","tests","test_sign_in_page_ow6","TestSignInPage","","","test_tc_014_01_08_verify_link_for_password_recovery_visibility",""
"passed","Sat Jun 24 01:02:06 GMT 2023","Sat Jun 24 01:02:06 GMT 2023","101","api_testing.tests","test_Vitaly_S","Tests","","","Get API response for 'SINGLE USER' and validate JSON using pydentic validator","Validate JSON using pydentic validator for users from 1 to 12"
"passed","Sat Jun 24 01:03:58 GMT 2023","Sat Jun 24 01:04:01 GMT 2023","3535","tests","test_api_page_ow6","TestApiPage","","","test_tc_008_02_04_verify_redirection_One_Call_API_3_link",""
"passed","Sat Jun 24 01:03:39 GMT 2023","Sat Jun 24 01:03:45 GMT 2023","5418","tests","test_api_keys_page_ow6","TestApiKey","","","test_tc_017_05_02_verify_modal_window_opening_with_confirmation_API_key_deletion",""
"passed","Sat Jun 24 01:19:12 GMT 2023","Sat Jun 24 01:19:16 GMT 2023","3984","tests","test_marketplace_page_ow6","TestMarketplacePage","","","test_RF_TC_007_01_07_Verify_Place_order_button_is_visible_and_clickable",""
"passed","Sat Jun 24 01:24:24 GMT 2023","Sat Jun 24 01:24:26 GMT 2023","1941","tests","test_partners_page_ow6","TestPartnersPage","","","test_TC_011_19_01_Verify_that_the_anchor_links_are_clickable[anchor_locators5]",""
"passed","Sat Jun 24 01:05:40 GMT 2023","Sat Jun 24 01:05:44 GMT 2023","4026","tests","test_for_business_page_ow6","TestBusinessPage","","","test_tc_012_01_06_verify_the_buttons_are_present_on_the_page",""
"passed","Sat Jun 24 01:20:02 GMT 2023","Sat Jun 24 01:20:06 GMT 2023","3700","tests","test_marketplace_page_ow6","TestMarketplacePage","","","test_TC_007_02_11_verify_visibility_clickability_full_screen_button",""
"passed","Sat Jun 24 01:11:13 GMT 2023","Sat Jun 24 01:11:16 GMT 2023","3772","tests","test_main_page_ow6","TestMainPage","","","test_tc_003_09_02_app_store_brand_link_display",""
"passed","Sat Jun 24 01:01:59 GMT 2023","Sat Jun 24 01:02:00 GMT 2023","447","api_testing.tests","test_Vitaly_S","Tests","","","Get API response for 'SINGLE USER' and check response status","Check correct response status for users from 1 to 12"
"passed","Sat Jun 24 01:17:52 GMT 2023","Sat Jun 24 01:17:54 GMT 2023","2440","tests","test_main_page_ow6","TestMainPage","","","test_TC_003_03_01_Product_Collections_title_is_visible[home/sign_in]",""
"passed","Sat Jun 24 01:12:48 GMT 2023","Sat Jun 24 01:12:48 GMT 2023","116","tests","test_main_page_ow6","TestMainPage","","","test_tc_003_03_06_verify_widgets_clickability",""
"passed","Sat Jun 24 01:08:04 GMT 2023","Sat Jun 24 01:08:04 GMT 2023","32","tests","test_main_page_ow6","TestMainPage","","","test_tc_003_06_03_verify_website_terms_and_conditions_link_visibility",""
"passed","Sat Jun 24 01:16:26 GMT 2023","Sat Jun 24 01:16:29 GMT 2023","2473","tests","test_main_page_ow6","TestMainPage","","","test_TC_003_01_01_verify_footer_is_visible_from_all_pages_specified_in_data[appid]",""
"passed","Sat Jun 24 01:21:35 GMT 2023","Sat Jun 24 01:21:39 GMT 2023","3536","tests","test_our_initiatives_page_ow6","TestOurInitiativesPage","","","test_010_01_02_02_functionality",""
"passed","Sat Jun 24 01:27:27 GMT 2023","Sat Jun 24 01:27:29 GMT 2023","1927","tests","test_sign_in_page_ow6","TestSignInPage","","","test_tc_014_03_03_checking_clickability_of_registration_link",""
"passed","Sat Jun 24 01:14:03 GMT 2023","Sat Jun 24 01:14:03 GMT 2023","67","tests","test_main_page_ow6","TestMainPage","","","test_TC_002_03_22_partners_link_is_visible_and_clickable",""
"passed","Sat Jun 24 01:29:21 GMT 2023","Sat Jun 24 01:29:23 GMT 2023","1964","tests","test_suits_of_pages_ow6","","","","test_tc_003_08_05_about_us_link_is_visible_on_each_page_specified_in_data[https://home.openweathermap.org/questions]",""
"passed","Sat Jun 24 01:17:09 GMT 2023","Sat Jun 24 01:17:10 GMT 2023","77","tests","test_main_page_ow6","TestMainPage","","","test_TC_003_08_02_ask_a_question_link_is_visible",""
"passed","Sat Jun 24 01:20:24 GMT 2023","Sat Jun 24 01:20:29 GMT 2023","5018","tests","test_migrate_from_dark_sky_api_page_ow6","TestMigrateFromDarkSkyApiPage","","","test_001_18_01_verify_subscribe_link_redirection",""
"passed","Sat Jun 24 01:24:00 GMT 2023","Sat Jun 24 01:24:02 GMT 2023","1938","tests","test_partners_page_ow6","TestPartnersPage","","","test_TC_011_20_02_verify_the_color_of_the_info_board_message_at_the_top_of_the_page",""
"passed","Sat Jun 24 01:05:19 GMT 2023","Sat Jun 24 01:05:24 GMT 2023","4985","tests","test_faq_page_ow6","TestFAQPage","","","test_tc_015_01_04_hidden_text_is_displayed_by_clicking_on_accordion_buttons",""
"passed","Sat Jun 24 01:21:48 GMT 2023","Sat Jun 24 01:21:52 GMT 2023","4139","tests","test_our_initiatives_page_ow6","TestOurInitiativesPage","","","test_010_02_08_accessibility_of_question_headings",""
"passed","Sat Jun 24 01:29:03 GMT 2023","Sat Jun 24 01:29:05 GMT 2023","1881","tests","test_suits_of_pages_ow6","","","","test_tc_003_08_05_about_us_link_is_visible_on_each_page_specified_in_data[https://openweathermap.org/price]",""
"passed","Sat Jun 24 01:25:34 GMT 2023","Sat Jun 24 01:25:35 GMT 2023","783","tests","test_pricing_page_ow6","TestPricingPage","","","test_tc_002_03_08_open_pricing",""
"passed","Sat Jun 24 01:14:51 GMT 2023","Sat Jun 24 01:14:54 GMT 2023","2402","tests","test_main_page_ow6","TestMainPage","","","test_TC_002_01_03_Logo_is_visible[faq]",""
"passed","Sat Jun 24 01:23:24 GMT 2023","Sat Jun 24 01:23:26 GMT 2023","2221","tests","test_partners_page_ow6","TestPartnersPage","","","test_TC_011_01_03_verify_17_sections_are_visible",""
"passed","Sat Jun 24 01:07:37 GMT 2023","Sat Jun 24 01:07:37 GMT 2023","93","tests","test_main_page_ow6","TestMainPage","","","test_tc_003_03_03_historical_weather_data_link_visibility",""
"passed","Sat Jun 24 01:27:02 GMT 2023","Sat Jun 24 01:27:03 GMT 2023","967","tests","test_search_result_page_ow6","","","","test_tc_001_01_02_verify_displaying_entered_city_name_in_cirillic",""
"passed","Sat Jun 24 01:22:42 GMT 2023","Sat Jun 24 01:22:46 GMT 2023","3593","tests","test_partners_page_ow6","TestPartnersPage","","","test_tc_011_15_01_verify_correctly_redirected_the_link_apache_camel",""
"passed","Sat Jun 24 01:24:35 GMT 2023","Sat Jun 24 01:24:38 GMT 2023","2229","tests","test_partners_page_ow6","TestPartnersPage","","","test_TC_011_19_01_Verify_that_the_anchor_links_are_clickable[anchor_locators9]",""
"passed","Sat Jun 24 01:27:15 GMT 2023","Sat Jun 24 01:27:23 GMT 2023","8190","tests","test_sign_in_page_ow6","TestSignInPage","","","test_tc_014_03_01_checking_the_registration_question_display",""
"passed","Sat Jun 24 01:13:25 GMT 2023","Sat Jun 24 01:13:25 GMT 2023","28","tests","test_main_page_ow6","TestMainPage","","","test_tc_002_02_07_placeholder_is_displayed_in_search_field",""
"passed","Sat Jun 24 01:18:21 GMT 2023","Sat Jun 24 01:18:21 GMT 2023","23","tests","test_main_page_ow6","TestMainPage","","","test_tc_001_08_01_graphic_hourly_forecast_is_displayed",""
"passed","Sat Jun 24 01:08:13 GMT 2023","Sat Jun 24 01:08:14 GMT 2023","778","tests","test_main_page_ow6","TestMainPage","","","test_tc_003_12_01_check_historical_weather_data_link_functionality",""
"passed","Sat Jun 24 01:10:49 GMT 2023","Sat Jun 24 01:10:50 GMT 2023","29","tests","test_main_page_ow6","TestMainPage","","","test_tc_001_04_05_verify_in_day_list_first_element_number_day",""
"passed","Sat Jun 24 01:32:48 GMT 2023","Sat Jun 24 01:32:53 GMT 2023","5662","tests","test_widgets_constructor_page_ow6","TestWidgetsConstractorPage","","","test_TC_001_09_06_switched_on_Fahrenheit",""
"passed","Sat Jun 24 01:06:49 GMT 2023","Sat Jun 24 01:06:51 GMT 2023","1807","tests","test_how_to_start_pandbox","TestHowToStartPage","","","test_tc_002_03_09_open_faq",""
"passed","Sat Jun 24 01:28:34 GMT 2023","Sat Jun 24 01:28:38 GMT 2023","4228","tests","test_student_initiative_page_ow6","TestStudentInitiativePage","","","test_TC_010_02_05_Get_access_open_authorization_window",""
"passed","Sat Jun 24 01:31:04 GMT 2023","Sat Jun 24 01:31:06 GMT 2023","2073","tests","test_weather_api_page_ow6","TestWeatherApiPage","","","test_tc_005_13_02_check_visibility_button_get_access",""
"passed","Sat Jun 24 01:24:03 GMT 2023","Sat Jun 24 01:24:05 GMT 2023","2617","tests","test_partners_page_ow6","TestPartnersPage","","","test_TC_011_20_03_verify_that_the_Github_link_in_the_info_board_message_is_visible_and_clickable",""
"passed","Sat Jun 24 01:12:29 GMT 2023","Sat Jun 24 01:12:30 GMT 2023","1189","tests","test_main_page_ow6","TestMainPage","","","test_TC_003_12_11_link_Google_Play_leads_to_correct_page_in_GP",""
"passed","Sat Jun 24 01:23:14 GMT 2023","Sat Jun 24 01:23:16 GMT 2023","1909","tests","test_partners_page_ow6","TestPartnersPage","","","test_TC_011_03_02_verify_the_link_view_on_github_is_clickable",""
"passed","Sat Jun 24 01:23:56 GMT 2023","Sat Jun 24 01:23:59 GMT 2023","2777","tests","test_partners_page_ow6","TestPartnersPage","","","test_TC_011_20_01_verify_that_the_info_board_message_at_the_top_of_the_page_is_displayed",""
"passed","Sat Jun 24 01:16:07 GMT 2023","Sat Jun 24 01:16:09 GMT 2023","2526","tests","test_main_page_ow6","TestMainPage","","","test_TC_003_01_01_verify_footer_is_visible_from_all_pages_specified_in_data[weather-dashboard]",""
"passed","Sat Jun 24 01:11:58 GMT 2023","Sat Jun 24 01:11:59 GMT 2023","769","tests","test_main_page_ow6","TestMainPage","","","test_TC_003_12_04_current_and_forecast_apis_functionality",""
"passed","Sat Jun 24 01:32:41 GMT 2023","Sat Jun 24 01:32:47 GMT 2023","5915","tests","test_widgets_constructor_page_ow6","TestWidgetsConstractorPage","","","test_TC_001_09_05_switched_on_Celsius",""
"passed","Sat Jun 24 01:30:47 GMT 2023","Sat Jun 24 01:30:49 GMT 2023","2030","tests","test_weather_api_page_ow6","TestWeatherApiPage","","","test_005_13_01_check_title_on_page_weather_alert",""
"passed","Sat Jun 24 01:19:31 GMT 2023","Sat Jun 24 01:19:35 GMT 2023","3697","tests","test_marketplace_page_ow6","TestMarketplacePage","","","test_TC_007_02_03_verify_search_by_coordinates",""
"passed","Sat Jun 24 01:24:18 GMT 2023","Sat Jun 24 01:24:20 GMT 2023","1902","tests","test_partners_page_ow6","TestPartnersPage","","","test_TC_011_19_01_Verify_that_the_anchor_links_are_clickable[anchor_locators3]",""
"passed","Sat Jun 24 01:03:12 GMT 2023","Sat Jun 24 01:03:16 GMT 2023","3752","tests","test_api_keys_page_ow6","TestApiKey","","","test_tc_017_04_02_api_key_name_has_limit_20_characters",""
"passed","Sat Jun 24 01:03:51 GMT 2023","Sat Jun 24 01:03:57 GMT 2023","5221","tests","test_api_keys_page_ow6","TestApiKey","","","test_tc_017_05_04_verify_that_selected_api_key_was_deleted",""
"passed","Sat Jun 24 01:09:13 GMT 2023","Sat Jun 24 01:09:14 GMT 2023","1452","tests","test_main_page_ow6","TestMainPage","","","test_tc_003_12_18_verify_how_to_start_link_functionality",""
"passed","Sat Jun 24 01:31:37 GMT 2023","Sat Jun 24 01:31:40 GMT 2023","2554","tests","test_weather_conditions_page_ow6","TestWeatherConditions","","","test_tc_001_12_07_verify_that_codes_and_descriptions_are_visible_for_each_weather_condition_group_part2[3]",""
"passed","Sat Jun 24 01:04:02 GMT 2023","Sat Jun 24 01:04:06 GMT 2023","4000","tests","test_api_page_ow6","TestApiPage","","","test_TC_002_01_02_verify_returning_from_API_page_to_main_page_by_clicking_on_logo",""
"passed","Sat Jun 24 01:14:36 GMT 2023","Sat Jun 24 01:14:38 GMT 2023","2238","tests","test_main_page_ow6","TestMainPage","","","test_TC_002_01_03_Logo_is_visible[weather-dashboard]",""
"passed","Sat Jun 24 01:09:34 GMT 2023","Sat Jun 24 01:09:34 GMT 2023","145","tests","test_main_page_ow6","TestMainPage","","","test_tc_003_12_21_verify_openweather_for_business_link_functionality",""
"passed","Sat Jun 24 01:29:00 GMT 2023","Sat Jun 24 01:29:02 GMT 2023","2173","tests","test_suits_of_pages_ow6","","","","test_tc_003_08_05_about_us_link_is_visible_on_each_page_specified_in_data[https://openweathermap.org/weather-dashboard]",""
"passed","Sat Jun 24 01:07:09 GMT 2023","Sat Jun 24 01:07:10 GMT 2023","928","tests","test_main_page_ow6","TestMainPage","","","test_tc_001_04_01_visibility_of_8_lines_in_8_day_forecast_block",""
"passed","Sat Jun 24 01:14:41 GMT 2023","Sat Jun 24 01:14:44 GMT 2023","2381","tests","test_main_page_ow6","TestMainPage","","","test_TC_002_01_03_Logo_is_visible[our-initiatives]",""
"passed","Sat Jun 24 01:17:58 GMT 2023","Sat Jun 24 01:18:00 GMT 2023","1937","tests","test_main_page_ow6","TestMainPage","","","test_TC_003_03_01_Product_Collections_title_is_visible[appid]",""
"passed","Sat Jun 24 01:06:03 GMT 2023","Sat Jun 24 01:06:06 GMT 2023","3525","tests","test_guide_page_ow6","TestGuidePage","","","test_tc_004_08_03_historical_collection_link_redirects_correctly",""
"passed","Sat Jun 24 01:31:27 GMT 2023","Sat Jun 24 01:31:29 GMT 2023","2373","tests","test_weather_conditions_page_ow6","TestWeatherConditions","","","test_tc_001_12_07_verify_that_codes_and_descriptions_are_visible_for_each_weather_condition_group_part1[7]",""
"passed","Sat Jun 24 01:29:45 GMT 2023","Sat Jun 24 01:29:47 GMT 2023","2425","tests","test_suits_of_pages_ow6","","","","test_tc_003_03_01_01_verify_the_product_collections_module_title_is_visible_on_each_page[https://openweathermap.org/guide]",""
"passed","Sat Jun 24 01:02:00 GMT 2023","Sat Jun 24 01:02:01 GMT 2023","417","api_testing.tests","test_Vitaly_S","Tests","","","Get API response for 'SINGLE USER' and check response status","Check correct response status for users from 1 to 12"
"passed","Sat Jun 24 01:12:57 GMT 2023","Sat Jun 24 01:12:57 GMT 2023","31","tests","test_main_page_ow6","TestMainPage","","","test_tc_003_05_02_verify_how_to_start_visibility",""
"passed","Sat Jun 24 01:31:40 GMT 2023","Sat Jun 24 01:31:43 GMT 2023","2568","tests","test_weather_conditions_page_ow6","TestWeatherConditions","","","test_tc_001_12_07_verify_that_codes_and_descriptions_are_visible_for_each_weather_condition_group_part2[4]",""
"passed","Sat Jun 24 01:05:52 GMT 2023","Sat Jun 24 01:05:56 GMT 2023","4578","tests","test_global_weather_alerts_page_ow6","TestGlobalWeatherAlertsPage","","","test_TC_005_13_01_verify_7_anchor_links_redirect_to_correct_part_of_the_page",""
"passed","Sat Jun 24 01:17:46 GMT 2023","Sat Jun 24 01:17:48 GMT 2023","2351","tests","test_main_page_ow6","TestMainPage","","","test_TC_003_03_01_Product_Collections_title_is_visible[our-initiatives]",""
"passed","Sat Jun 24 01:16:34 GMT 2023","Sat Jun 24 01:16:36 GMT 2023","1916","tests","test_main_page_ow6","TestMainPage","","","test_TC_003_01_02_verify_copyright_is_visible_from_all_pages_specified_in_data[guide]",""
"passed","Sat Jun 24 01:07:28 GMT 2023","Sat Jun 24 01:07:28 GMT 2023","13","tests","test_main_page_ow6","TestMainPage","","","test_tc_003_01_03_footer_presence_in_the_dom_tree",""
"passed","Sat Jun 24 01:19:48 GMT 2023","Sat Jun 24 01:19:52 GMT 2023","3852","tests","test_marketplace_page_ow6","TestMarketplacePage","","","test_TC_007_02_07_verify_visibility_clickability_terrain_checkbox",""
"passed","Sat Jun 24 01:22:01 GMT 2023","Sat Jun 24 01:22:05 GMT 2023","4562","tests","test_our_initiatives_page_ow6","TestOurInitiativesPage","","","test_010_02_09_clickability_of_question_headings",""
"passed","Sat Jun 24 01:31:24 GMT 2023","Sat Jun 24 01:31:26 GMT 2023","2602","tests","test_weather_conditions_page_ow6","TestWeatherConditions","","","test_tc_001_12_07_verify_that_codes_and_descriptions_are_visible_for_each_weather_condition_group_part1[6]",""
"passed","Sat Jun 24 01:10:59 GMT 2023","Sat Jun 24 01:10:59 GMT 2023","127","tests","test_main_page_ow6","TestMainPage","","","test_tc_001_04_06_verify_in_day_list_days_of_the_week",""
"passed","Sat Jun 24 01:03:17 GMT 2023","Sat Jun 24 01:03:21 GMT 2023","4028","tests","test_api_keys_page_ow6","TestApiKey","","","test_tc_017_04_03_api_key_name_is_required",""
"passed","Sat Jun 24 01:03:27 GMT 2023","Sat Jun 24 01:03:32 GMT 2023","5439","tests","test_api_keys_page_ow6","TestApiKey","","","test_tc_017_04_05_api_key_is_generated",""
"skipped","Sat Jun 24 01:09:53 GMT 2023","Sat Jun 24 01:09:53 GMT 2023","0","tests","test_main_page_ow6","TestMainPage","","","test_TC_001_02_02_verify_temperature_switched_on_imperial_system",""
"passed","Sat Jun 24 01:02:05 GMT 2023","Sat Jun 24 01:02:06 GMT 2023","462","api_testing.tests","test_Vitaly_S","Tests","","","Get API response for 'SINGLE USER' and validate JSON using pydentic validator","Validate JSON using pydentic validator for users from 1 to 12"
"passed","Sat Jun 24 01:16:43 GMT 2023","Sat Jun 24 01:16:45 GMT 2023","1930","tests","test_main_page_ow6","TestMainPage","","","test_TC_003_01_02_verify_copyright_is_visible_from_all_pages_specified_in_data[price]",""
"passed","Sat Jun 24 01:19:44 GMT 2023","Sat Jun 24 01:19:48 GMT 2023","3793","tests","test_marketplace_page_ow6","TestMarketplacePage","","","test_TC_007_02_06_verify_visibility_clickability_satellite_btn",""
"passed","Sat Jun 24 01:04:49 GMT 2023","Sat Jun 24 01:04:51 GMT 2023","2168","tests","test_dashboard_page_ow6","TestDashboardPage","","","test_006_04_03_Verify_that_the_subscribe_button_are_clickable_in_the_Pricing_and_limits_section",""
"passed","Sat Jun 24 01:02:02 GMT 2023","Sat Jun 24 01:02:02 GMT 2023","412","api_testing.tests","test_Vitaly_S","Tests","","","Get API response for 'SINGLE USER' and check response status","Check correct response status for users from 1 to 12"
"passed","Sat Jun 24 01:02:07 GMT 2023","Sat Jun 24 01:02:07 GMT 2023","100","api_testing.tests","test_example","","","","test_example",""
"passed","Sat Jun 24 01:13:06 GMT 2023","Sat Jun 24 01:13:06 GMT 2023","27","tests","test_main_page_ow6","TestMainPage","","","test_tc_003_05_03_verify_how_to_start_link_is_clickable",""
"passed","Sat Jun 24 01:16:55 GMT 2023","Sat Jun 24 01:16:57 GMT 2023","2103","tests","test_main_page_ow6","TestMainPage","","","test_TC_003_01_02_verify_copyright_is_visible_from_all_pages_specified_in_data[faq]",""
"passed","Sat Jun 24 01:27:36 GMT 2023","Sat Jun 24 01:27:39 GMT 2023","3078","tests","test_sign_in_page_ow6","TestSignInPage","","","test_tc_014_01_02_verify_email_field_visibility",""
"broken","Sat Jun 24 01:02:08 GMT 2023","Sat Jun 24 01:02:08 GMT 2023","100","api_testing.tests","test_http_handler","Tests","","","test_get_single_user_schemas",""
"passed","Sat Jun 24 01:12:39 GMT 2023","Sat Jun 24 01:12:39 GMT 2023","107","tests","test_main_page_ow6","TestMainPage","","","test_TC_003_03_02_verify_clickability_current_and_forecast_apis",""
"passed","Sat Jun 24 01:29:51 GMT 2023","Sat Jun 24 01:29:53 GMT 2023","2234","tests","test_suits_of_pages_ow6","","","","test_tc_003_03_01_01_verify_the_product_collections_module_title_is_visible_on_each_page[https://openweathermap.org/weather-dashboard]",""
"passed","Sat Jun 24 01:19:53 GMT 2023","Sat Jun 24 01:19:57 GMT 2023","3849","tests","test_marketplace_page_ow6","TestMarketplacePage","","","test_TC_007_02_10_verify_visibility_clickability_zoom_out_button",""
"passed","Sat Jun 24 01:11:40 GMT 2023","Sat Jun 24 01:11:40 GMT 2023","48","tests","test_main_page_ow6","TestMainPage","","","test_TC_001_05_04_verify_description_weather_for_current_location",""
"passed","Sat Jun 24 01:17:18 GMT 2023","Sat Jun 24 01:17:18 GMT 2023","43","tests","test_main_page_ow6","TestMainPage","","","test_TC_003_08_03_ask_a_question_link_is_clickable",""
"passed","Sat Jun 24 01:02:08 GMT 2023","Sat Jun 24 01:02:08 GMT 2023","111","api_testing.tests","test_validator","Tests","","","test_single_user",""
"passed","Sat Jun 24 01:01:58 GMT 2023","Sat Jun 24 01:01:58 GMT 2023","110","api_testing.tests","test_Vitaly_S","Tests","","","Get API response for 'LIST USERS' and check response status","Check correct response status"
"passed","Sat Jun 24 01:15:45 GMT 2023","Sat Jun 24 01:15:45 GMT 2023","149","tests","test_main_page_ow6","TestMainPage","","","test_tc_003_12_24_verify_product_collections_module_all_link_functionality[https://openweathermap.org/weather-dashboard]",""
"passed","Sat Jun 24 01:10:17 GMT 2023","Sat Jun 24 01:10:20 GMT 2023","3544","tests","test_main_page_ow6","TestMainPage","","","test_tc_001_02_04_01_switch_toggle_buttons",""
"passed","Sat Jun 24 01:28:08 GMT 2023","Sat Jun 24 01:28:09 GMT 2023","485","tests","test_sign_in_page_ow6","TestSignInPage","","","test_tc_014_04_05_verify_authorization_with_valid_email_and_empty_password_field",""
"passed","Sat Jun 24 01:10:11 GMT 2023","Sat Jun 24 01:10:11 GMT 2023","94","tests","test_main_page_ow6","TestMainPage","","","test_TC_001_02_04_verify_temperature_imperial_button_displayed_clickable",""
"passed","Sat Jun 24 01:03:22 GMT 2023","Sat Jun 24 01:03:26 GMT 2023","4065","tests","test_api_keys_page_ow6","TestApiKey","","","test_tc_017_04_04_api_key_generate_button_is_clickable",""
"passed","Sat Jun 24 01:23:51 GMT 2023","Sat Jun 24 01:23:52 GMT 2023","1904","tests","test_partners_page_ow6","TestPartnersPage","","","test_TC_011_01_01_verify_that_Partners_and_solutions_page_title_is_correct",""
"passed","Sat Jun 24 01:30:11 GMT 2023","Sat Jun 24 01:30:13 GMT 2023","1938","tests","test_suits_of_pages_ow6","","","","test_tc_003_03_01_01_verify_the_product_collections_module_title_is_visible_on_each_page[https://home.openweathermap.org/questions]",""
"passed","Sat Jun 24 01:02:06 GMT 2023","Sat Jun 24 01:02:07 GMT 2023","415","api_testing.tests","test_Vitaly_S","Tests","","","Get API response for 'SINGLE USER' and validate JSON using pydentic validator","Validate JSON using pydentic validator for users from 1 to 12"
